variable,Temperature,Humidity,Light,CO2,HumidityRatio,hour,day_of_week,is_weekend,Occupancy
Temperature,1.0,-0.156964,0.688571,0.449989,0.20528,0.235753,-0.243119,-0.4124,0.55561
Humidity,-0.156964,1.0,-0.029459,0.299746,0.932724,0.115163,-0.046364,0.215841,0.04624
Light,0.688571,-0.029459,1.0,0.448105,0.223329,0.094259,-0.18775,-0.26715,0.91485
CO2,0.449989,0.299746,0.448105,1.0,0.477965,0.127407,-0.468756,-0.372715,0.501582
HumidityRatio,0.20528,0.932724,0.223329,0.477965,1.0,0.20203,-0.149237,0.051735,0.257324
hour,0.235753,0.115163,0.094259,0.127407,0.20203,1.0,-0.010997,0.004193,0.103108
day_of_week,-0.243119,-0.046364,-0.18775,-0.468756,-0.149237,-0.010997,1.0,0.788835,-0.284638
is_weekend,-0.4124,0.215841,-0.26715,-0.372715,0.051735,0.004193,0.788835,1.0,-0.341949
Occupancy,0.55561,0.04624,0.91485,0.501582,0.257324,0.103108,-0.284638,-0.341949,1.0
