variable,count,mean,std,min,25%,50%,75%,max
Temperature,20560.0,20.90621226781082,1.0553145590591915,19.0,20.2,20.7,21.525,24.4083333333333
Humidity,20560.0,27.655924792708912,4.982153647951322,16.745,24.5,27.29,31.29,39.5
Light,20560.0,130.75662219751715,210.43087543946743,0.0,0.0,0.0,301.0,1697.25
CO2,20560.0,690.5532762414304,311.2012809587815,412.75,460.0,565.4166666666665,804.666666666667,2076.5
HumidityRatio,20560.0,0.004228314089869817,0.000767869022901261,0.002674126913904,0.0037190215760006,0.0042918945802865,0.0048317655072152,0.0064760132367102
hour,20560.0,11.446887159533073,7.075840094941944,0.0,5.0,11.0,18.0,23.0
day_of_week,20560.0,2.8961089494163423,2.059337772603989,0.0,1.0,3.0,5.0,6.0
is_weekend,20560.0,0.2801556420233463,0.44908603576617456,0.0,0.0,0.0,1.0,1.0
Occupancy,20560.0,0.23103112840466927,0.42150253543332034,0.0,0.0,0.0,0.0,1.0
